{"rot":0.0021355748176574707,"point_scene":{"size":59358,"path":"media/object3D/point_scene_10602_ae180ae95daf5780c379.pts.json","_type":"object3D-file","sha256":"ae180ae95daf5780c379bac99824e76396955faed4af1666076d13f235c452d0"},"trans_L1":0.00785780232399702,"_wandb":{"runtime":128},"_step":10647,"trans":0.00785780232399702,"_runtime":128,"chamf":0.013891537673771381,"_timestamp":1.7711337060207827e+09,"total_loss":0.023884914815425873}